{"cameraMode":{"drawMode":0,"name":"Shaded","section":"Shading Mode"},"sceneLighting":false,"audioPlay":false,"sceneViewState":{"showFog":true,"showMaterialUpdate":false,"showSkybox":false,"showFlares":true,"showImageEffects":true,"showParticleSystems":true},"in2DMode":false,"pivot":{"x":0.9626966714859009,"y":-0.19016970694065095,"z":-1.726449728012085},"rotation":{"x":-0.0709654688835144,"y":0.905676543712616,"z":-0.1679048091173172,"w":-0.3827897608280182},"size":1.2000174522399903,"orthographic":false}