{"cameraMode":{"drawMode":0,"name":"Shaded","section":"Shading Mode"},"sceneLighting":true,"audioPlay":false,"sceneViewState":{"showFog":true,"showMaterialUpdate":false,"showSkybox":true,"showFlares":true,"showImageEffects":true,"showParticleSystems":true},"in2DMode":false,"pivot":{"x":-0.004197835922241211,"y":0.9419897794723511,"z":0.001896500587463379},"rotation":{"x":0.03653983026742935,"y":0.8859526515007019,"z":-0.07085882872343064,"w":0.45687174797058108},"size":1.8359243869781495,"orthographic":false}