{"cameraMode":{"drawMode":0,"name":"Shaded","section":"Shading Mode"},"sceneLighting":true,"audioPlay":false,"sceneViewState":{"showFog":true,"showMaterialUpdate":false,"showSkybox":true,"showFlares":true,"showImageEffects":true,"showParticleSystems":true},"in2DMode":false,"pivot":{"x":-4.530889511108398,"y":-4.955142974853516,"z":10.657032012939454},"rotation":{"x":-0.4086773097515106,"y":0.4554477632045746,"z":-0.24781383574008943,"w":-0.7510932683944702},"size":24.881080627441408,"orthographic":false}