{"cameraMode":{"drawMode":0,"name":"Shaded","section":"Shading Mode"},"sceneLighting":true,"audioPlay":false,"sceneViewState":{"showFog":true,"showMaterialUpdate":false,"showSkybox":true,"showFlares":true,"showImageEffects":true,"showParticleSystems":true},"in2DMode":false,"pivot":{"x":1.7337568998336793,"y":3.450913429260254,"z":2.227881908416748},"rotation":{"x":0.18664658069610597,"y":-0.16535133123397828,"z":0.03188555687665939,"w":0.9678909182548523},"size":2.4044084548950197,"orthographic":false}