{"cameraMode":{"drawMode":0,"name":"Shaded","section":"Shading Mode"},"sceneLighting":true,"audioPlay":false,"sceneViewState":{"showFog":true,"showMaterialUpdate":false,"showSkybox":true,"showFlares":true,"showImageEffects":true,"showParticleSystems":true},"in2DMode":false,"pivot":{"x":-1.680258870124817,"y":0.3856792449951172,"z":0.6179497241973877},"rotation":{"x":0.46865278482437136,"y":0.011920112185180188,"z":-0.006326006259769201,"w":0.8832906484603882},"size":3.5889527797698976,"orthographic":false}